{
  "bert-base-cased": {
    "intrasentence": {
      "gender": {
        "Count": 765.0,
        "LM Score": 82.50328729241772,
        "SS Score": 61.48204661682922,
        "ICAT Score": 63.55715547775384
      },
      "profession": {
        "Count": 2430.0,
        "LM Score": 82.31092099986019,
        "SS Score": 60.8476591974996,
        "ICAT Score": 64.45330461508425
      },
      "race": {
        "Count": 2886.0,
        "LM Score": 83.82409779040428,
        "SS Score": 56.29627559199869,
        "ICAT Score": 73.26850537162359
      },
      "religion": {
        "Count": 237.0,
        "LM Score": 82.16091954022988,
        "SS Score": 56.27586206896552,
        "ICAT Score": 71.84830757035274
      },
      "overall": {
        "Count": 2106.0,
        "LM Score": 83.01912382272438,
        "SS Score": 58.68030062800166,
        "ICAT Score": 68.60650476963355
      }
    },
    "intersentence": {
      "gender": {
        "Count": 726.0,
        "LM Score": 90.84746774964165,
        "SS Score": 62.026618711401326,
        "ICAT Score": 68.99571063921627
      },
      "profession": {
        "Count": 2481.0,
        "LM Score": 85.87218285497853,
        "SS Score": 62.32294703538678,
        "ICAT Score": 64.70821563227955
      },
      "race": {
        "Count": 2928.0,
        "LM Score": 89.67450156426334,
        "SS Score": 58.359268553512166,
        "ICAT Score": 74.68223674470285
      },
      "religion": {
        "Count": 234.0,
        "LM Score": 93.6455938697318,
        "SS Score": 61.03639846743295,
        "ICAT Score": 72.97539209641667
      },
      "overall": {
        "Count": 2123.0,
        "LM Score": 88.52986077301836,
        "SS Score": 60.43034761397915,
        "ICAT Score": 70.06191633142319
      }
    },
    "overall": {
      "Count": 4229.0,
      "LM Score": 85.77180212754598,
      "SS Score": 59.555742005152865,
      "ICAT Score": 69.37953787858896
    }
  },
  "bert-large-cased": {
    "intrasentence": {
      "gender": {
        "Count": 765.0,
        "LM Score": 83.10162156683897,
        "SS Score": 64.03633307111568,
        "ICAT Score": 59.77278078559974
      },
      "profession": {
        "Count": 2430.0,
        "LM Score": 83.03922985789883,
        "SS Score": 60.29806018608655,
        "ICAT Score": 65.93637012024048
      },
      "race": {
        "Count": 2886.0,
        "LM Score": 84.01668497315835,
        "SS Score": 57.271266910163185,
        "ICAT Score": 71.79853014621973
      },
      "religion": {
        "Count": 237.0,
        "LM Score": 85.97701149425286,
        "SS Score": 50.160919540229884,
        "ICAT Score": 85.70030387105298
      },
      "overall": {
        "Count": 2106.0,
        "LM Score": 83.60411145470651,
        "SS Score": 59.00700637570022,
        "ICAT Score": 68.54365615656064
      }
    },
    "intersentence": {
      "gender": {
        "Count": 726.0,
        "LM Score": 92.56729884447276,
        "SS Score": 63.93352621613492,
        "ICAT Score": 66.77152114034762
      },
      "profession": {
        "Count": 2481.0,
        "LM Score": 84.62227909691758,
        "SS Score": 62.92931380612137,
        "ICAT Score": 62.74011906825293
      },
      "race": {
        "Count": 2928.0,
        "LM Score": 89.21909643905533,
        "SS Score": 57.14036291004528,
        "ICAT Score": 76.47796189743165
      },
      "religion": {
        "Count": 234.0,
        "LM Score": 90.13697318007662,
        "SS Score": 56.741379310344826,
        "ICAT Score": 77.98402265821113
      },
      "overall": {
        "Count": 2123.0,
        "LM Score": 87.93214876833515,
        "SS Score": 60.18344150680576,
        "ICAT Score": 70.0231108973335
      }
    },
    "overall": {
      "Count": 4229.0,
      "LM Score": 85.77079222611553,
      "SS Score": 59.65087975851371,
      "ICAT Score": 69.21552017478146
    }
  },
  "EnsembleModel": {
    "intrasentence": {
      "gender": {
        "Count": 765.0,
        "LM Score": 95.18847875152224,
        "SS Score": 64.18149129453478,
        "ICAT Score": 68.1901870964278
      },
      "profession": {
        "Count": 2430.0,
        "LM Score": 92.33870237184537,
        "SS Score": 65.43837479310025,
        "ICAT Score": 63.827512469343695
      },
      "race": {
        "Count": 2886.0,
        "LM Score": 92.46980788545623,
        "SS Score": 62.200703320921434,
        "ICAT Score": 69.90587404239517
      },
      "religion": {
        "Count": 237.0,
        "LM Score": 91.60919540229885,
        "SS Score": 59.12643678160919,
        "ICAT Score": 74.88788479323557
      },
      "overall": {
        "Count": 2106.0,
        "LM Score": 92.7314750475178,
        "SS Score": 63.56418717261208,
        "ICAT Score": 67.57493336077904
      }
    },
    "intersentence": {
      "gender": {
        "Count": 726.0,
        "LM Score": 93.41614906832298,
        "SS Score": 63.10019288280158,
        "ICAT Score": 68.94075764505145
      },
      "profession": {
        "Count": 2481.0,
        "LM Score": 86.1854167101386,
        "SS Score": 63.52394818408909,
        "ICAT Score": 62.87407451389779
      },
      "race": {
        "Count": 2928.0,
        "LM Score": 89.4897218955509,
        "SS Score": 57.444712473494455,
        "ICAT Score": 76.16521691864375
      },
      "religion": {
        "Count": 234.0,
        "LM Score": 90.10919540229885,
        "SS Score": 56.741379310344826,
        "ICAT Score": 77.95999009116132
      },
      "overall": {
        "Count": 2123.0,
        "LM Score": 88.75546286625465,
        "SS Score": 60.442457738323064,
        "ICAT Score": 70.21895946573133
      }
    },
    "overall": {
      "Count": 4229.0,
      "LM Score": 90.72888267380054,
      "SS Score": 61.99765050576931,
      "ICAT Score": 68.9582141718164
    }
  },
  "gpt2-large": {
    "intrasentence": {
      "gender": {
        "Count": 765.0,
        "LM Score": 95.31597162901512,
        "SS Score": 65.29146280450628,
        "ICAT Score": 66.1655589322059
      },
      "profession": {
        "Count": 2430.0,
        "LM Score": 92.35646029395959,
        "SS Score": 65.68080370271493,
        "ICAT Score": 63.39198980301628
      },
      "race": {
        "Count": 2886.0,
        "LM Score": 91.88521081068524,
        "SS Score": 63.00185922496809,
        "ICAT Score": 67.99163929434432
      },
      "religion": {
        "Count": 237.0,
        "LM Score": 91.60919540229885,
        "SS Score": 61.60919540229886,
        "ICAT Score": 70.33901440084554
      },
      "overall": {
        "Count": 2106.0,
        "LM Score": 92.4879582341836,
        "SS Score": 64.25611718268682,
        "ICAT Score": 66.11757482270427
      }
    },
    "intersentence": {
      "gender": {
        "Count": 726.0,
        "LM Score": 89.90673275999363,
        "SS Score": 60.723907734777285,
        "ICAT Score": 70.62370262292464
      },
      "profession": {
        "Count": 2481.0,
        "LM Score": 84.87771949517406,
        "SS Score": 61.72976467427711,
        "ICAT Score": 64.96580597982019
      },
      "race": {
        "Count": 2928.0,
        "LM Score": 84.20836250641743,
        "SS Score": 57.022274296081605,
        "ICAT Score": 72.38167811553869
      },
      "religion": {
        "Count": 234.0,
        "LM Score": 88.50478927203066,
        "SS Score": 62.97701149425287,
        "ICAT Score": 65.53423591843926
      },
      "overall": {
        "Count": 2123.0,
        "LM Score": 85.347016841801,
        "SS Score": 59.50461932554155,
        "ICAT Score": 69.12319872876296
      }
    },
    "overall": {
      "Count": 4229.0,
      "LM Score": 88.91747413402561,
      "SS Score": 61.86045699338027,
      "ICAT Score": 67.82543657549334
    }
  },
  "gpt2-medium": {
    "intrasentence": {
      "gender": {
        "Count": 765.0,
        "LM Score": 93.58464056072752,
        "SS Score": 65.5810572680138,